"name","version","type","licenses"
"@edge-runtime/cookies","6.0.0","library","MIT"
"@edge-runtime/ponyfill","4.0.0","library","MIT"
"@edge-runtime/primitives","6.0.0","library","MIT"
"@emnapi/runtime","1.11.3","library","MIT"
"@hapi/accept","UNKNOWN","library","BSD-3-Clause"
"@img/colour","1.1.0","library","MIT"
"@img/sharp-libvips-linuxmusl-x64","1.3.4","library","LGPL-3.0-or-later"
"@img/sharp-linuxmusl-x64","0.35.5","library","Apache-2.0"
"@img/sharp-wasm32","0.35.5","library","unknown"
"@mswjs/interceptors","UNKNOWN","library","MIT"
"@napi-rs/triples","UNKNOWN","library","MIT"
"@next/env","16.3.8","library","MIT"
"@opentelemetry/api","UNKNOWN","library","Apache-2.0"
"@swc/helpers","0.5.23","library","Apache-2.0"
"@vercel/detect-agent","UNKNOWN","library","Apache-2.0"
"alpine-baselayout","3.7.2-r1","library","GPL-2.0-only"
"alpine-baselayout-data","3.7.2-r1","library","GPL-2.0-only"
"alpine-keys","2.6-r0","library","MIT"
"alpine-release","3.24.2-r0","library","MIT"
"apk-tools","3.0.8-r0","library","GPL-2.0-only"
"async-retry","UNKNOWN","library","MIT"
"async-sema","UNKNOWN","library","MIT"
"busboy","UNKNOWN","library",""
"busybox","1.37.0-r31","library","GPL-2.0-only"
"busybox-binsh","1.37.0-r31","library","GPL-2.0-only"
"bytes","UNKNOWN","library","MIT"
"ca-certificates-bundle","20260909-r0","library","unknown"
"ci-info","UNKNOWN","library","MIT"
"client-only","0.0.1","library","MIT"
"commander","UNKNOWN","library","MIT"
"comment-json","UNKNOWN","library","MIT"
"compression","UNKNOWN","library","MIT"
"conf","UNKNOWN","library","MIT"
"content-disposition","UNKNOWN","library","MIT"
"cookie","UNKNOWN","library","MIT"
"corepack","0.36.0","library","MIT"
"cross-spawn","UNKNOWN","library","MIT"
"debug","UNKNOWN","library","MIT"
"detect-libc","2.1.2","library","Apache-2.0"
"edge-runtime","UNKNOWN","library","MIT"
"find-up","UNKNOWN","library","MIT"
"fresh","UNKNOWN","library","MIT"
"gcompat","1.1.0-r4","library","NCSA"
"hash.js","UNKNOWN","library","MIT"
"httpxy","UNKNOWN","library","MIT"
"image-size","UNKNOWN","library","MIT"
"ipaddr.js","UNKNOWN","library","MIT"
"is-animated","UNKNOWN","library","MIT"
"is-docker","UNKNOWN","library","MIT"
"is-wsl","UNKNOWN","library","MIT"
"jsonwebtoken","UNKNOWN","library","MIT"
"libapk","3.0.8-r0","library","GPL-2.0-only"
"libcrypto3","3.5.9-r0","library","Apache-2.0"
"libgcc","15.2.0-r5","library","unknown"
"libssl3","3.5.9-r0","library","Apache-2.0"
"libstdc++","15.2.0-r5","library","unknown"
"libucontext","1.5.1-r0","library","ISC"
"logai_ai","0.1.0","library",""
"musl","1.2.6-r2","library","MIT"
"musl-obstack","1.2.3-r2","library","GPL-2.0-or-later"
"musl-utils","1.2.6-r2","library","unknown"
"nanoid","UNKNOWN","library","MIT"
"next","16.3.8","library","MIT"
"node","22.23.3","application",""
"p-limit","UNKNOWN","library","MIT"
"p-queue","UNKNOWN","library","MIT"
"path-browserify","UNKNOWN","library","MIT"
"path-to-regexp","UNKNOWN","library","MIT"
"picomatch","UNKNOWN","library","MIT"
"react","19.2.4","library","MIT"
"react-dom","19.2.4","library","MIT"
"react-is","19.3.0-canary-cbb046ab-20260731","library","MIT"
"regenerator-runtime","0.13.4","library","MIT"
"scanelf","1.3.9-r1","library","GPL-2.0-only"
"semver","6.3.1","library","ISC"
"semver","7.8.5","library","ISC"
"semver","UNKNOWN","library","ISC"
"send","UNKNOWN","library","MIT"
"sharp","0.35.5","library","Apache-2.0"
"source-map","UNKNOWN","library","BSD-3-Clause"
"ssl_client","1.37.0-r31","library","GPL-2.0-only"
"stacktrace-parser","UNKNOWN","library","MIT"
"string-hash","UNKNOWN","library","CC0-1.0"
"strip-ansi","UNKNOWN","library","MIT"
"styled-jsx","5.1.6","library","MIT"
"superstruct","UNKNOWN","library","MIT"
"tar","UNKNOWN","library","BlueOak-1.0.0"
"text-table","UNKNOWN","library","MIT"
"watchpack","UNKNOWN","library","MIT"
"write-file-atomic","UNKNOWN","library","ISC"
"ws","UNKNOWN","library","MIT"
"zlib","1.3.2-r0","library","Zlib"
"zod","UNKNOWN","library","MIT"
"zod-validation-error","UNKNOWN","library","MIT"
"alpine","3.24.2","operating-system",""
"/bin/busybox","","file",""
"/etc/alpine-release","","file",""
"/etc/apk/keys/alpine-devel@lists.alpinelinux.org-4a6a0840.rsa.pub","","file",""
"/etc/apk/keys/alpine-devel@lists.alpinelinux.org-5261cecb.rsa.pub","","file",""
"/etc/apk/keys/alpine-devel@lists.alpinelinux.org-6165ee59.rsa.pub","","file",""
"/etc/busybox-paths.d/busybox","","file",""
"/etc/crontabs/root","","file",""
"/etc/fstab","","file",""
"/etc/hostname","","file",""
"/etc/hosts","","file",""
"/etc/inittab","","file",""
"/etc/issue","","file",""
"/etc/logrotate.d/acpid","","file",""
"/etc/modprobe.d/aliases.conf","","file",""
"/etc/modprobe.d/blacklist.conf","","file",""
"/etc/modprobe.d/i386.conf","","file",""
"/etc/modules","","file",""
"/etc/motd","","file",""
"/etc/network/if-up.d/dad","","file",""
"/etc/nsswitch.conf","","file",""
"/etc/profile","","file",""
"/etc/profile.d/20locale.sh","","file",""
"/etc/profile.d/README","","file",""
"/etc/profile.d/color_prompt.sh.disabled","","file",""
"/etc/protocols","","file",""
"/etc/secfixes.d/alpine","","file",""
"/etc/securetty","","file",""
"/etc/services","","file",""
"/etc/shells","","file",""
"/etc/ssl/certs/ca-certificates.crt","","file",""
"/etc/sysctl.conf","","file",""
"/etc/udhcpc/udhcpc.conf","","file",""
"/lib/ld-musl-x86_64.so.1","","file",""
"/sbin/apk","","file",""
"/sbin/ldconfig","","file",""
"/usr/bin/getconf","","file",""
"/usr/bin/getent","","file",""
"/usr/bin/iconv","","file",""
"/usr/bin/ldd","","file",""
"/usr/bin/scanelf","","file",""
"/usr/bin/ssl_client","","file",""
"/usr/lib/libapk.so.3.0.0","","file",""
"/usr/lib/libz.so.1.3.2","","file",""
"/usr/lib/os-release","","file",""
"/usr/lib/sysctl.d/00-alpine.conf","","file",""
"/usr/share/apk/keys/alpine-devel@lists.alpinelinux.org-4a6a0840.rsa.pub","","file",""
"/usr/share/apk/keys/alpine-devel@lists.alpinelinux.org-5243ef4b.rsa.pub","","file",""
"/usr/share/apk/keys/alpine-devel@lists.alpinelinux.org-524d27bb.rsa.pub","","file",""
"/usr/share/apk/keys/alpine-devel@lists.alpinelinux.org-5261cecb.rsa.pub","","file",""
"/usr/share/apk/keys/alpine-devel@lists.alpinelinux.org-58199dcc.rsa.pub","","file",""
"/usr/share/apk/keys/alpine-devel@lists.alpinelinux.org-58cbb476.rsa.pub","","file",""
"/usr/share/apk/keys/alpine-devel@lists.alpinelinux.org-58e4f17d.rsa.pub","","file",""
"/usr/share/apk/keys/alpine-devel@lists.alpinelinux.org-5e69ca50.rsa.pub","","file",""
"/usr/share/apk/keys/alpine-devel@lists.alpinelinux.org-60ac2099.rsa.pub","","file",""
"/usr/share/apk/keys/alpine-devel@lists.alpinelinux.org-6165ee59.rsa.pub","","file",""
"/usr/share/apk/keys/alpine-devel@lists.alpinelinux.org-61666e3f.rsa.pub","","file",""
"/usr/share/apk/keys/alpine-devel@lists.alpinelinux.org-616a9724.rsa.pub","","file",""
"/usr/share/apk/keys/alpine-devel@lists.alpinelinux.org-616abc23.rsa.pub","","file",""
"/usr/share/apk/keys/alpine-devel@lists.alpinelinux.org-616ac3bc.rsa.pub","","file",""
"/usr/share/apk/keys/alpine-devel@lists.alpinelinux.org-616adfeb.rsa.pub","","file",""
"/usr/share/apk/keys/alpine-devel@lists.alpinelinux.org-616ae350.rsa.pub","","file",""
"/usr/share/apk/keys/alpine-devel@lists.alpinelinux.org-616db30d.rsa.pub","","file",""
"/usr/share/apk/keys/alpine-devel@lists.alpinelinux.org-66ba20fe.rsa.pub","","file",""
"/usr/share/udhcpc/default.script","","file",""
"/etc/group","","file",""
"/etc/passwd","","file",""
"/etc/shadow","","file",""
"/usr/lib/libgcc_s.so.1","","file",""
"/usr/lib/libstdc++.so.6.0.34","","file",""
"/usr/local/bin/node","","file",""
"/usr/local/lib/node_modules/corepack/package.json","","file",""
"/etc/ssl/ct_log_list.cnf","","file",""
"/etc/ssl/ct_log_list.cnf.dist","","file",""
"/etc/ssl/openssl.cnf","","file",""
"/etc/ssl/openssl.cnf.dist","","file",""
"/lib/apk/db/installed","","file",""
"/lib/ld-linux-x86-64.so.2","","file",""
"/lib/libgcompat.so.0","","file",""
"/usr/lib/engines-3/afalg.so","","file",""
"/usr/lib/engines-3/capi.so","","file",""
"/usr/lib/engines-3/loader_attic.so","","file",""
"/usr/lib/engines-3/padlock.so","","file",""
"/usr/lib/libcrypto.so.3","","file",""
"/usr/lib/libobstack.so.1.0.0","","file",""
"/usr/lib/libssl.so.3","","file",""
"/usr/lib/libucontext.so.1","","file",""
"/usr/lib/libucontext_posix.so.1","","file",""
"/usr/lib/ossl-modules/legacy.so","","file",""
"/app/node_modules/@emnapi/runtime/package.json","","file",""
"/app/node_modules/@img/colour/package.json","","file",""
"/app/node_modules/@img/sharp-libvips-linuxmusl-x64/package.json","","file",""
"/app/node_modules/@img/sharp-linuxmusl-x64/package.json","","file",""
"/app/node_modules/@img/sharp-wasm32/package.json","","file",""
"/app/node_modules/@next/env/package.json","","file",""
"/app/node_modules/@swc/helpers/package.json","","file",""
"/app/node_modules/client-only/package.json","","file",""
"/app/node_modules/detect-libc/package.json","","file",""
"/app/node_modules/next/dist/compiled/@edge-runtime/cookies/package.json","","file",""
"/app/node_modules/next/dist/compiled/@edge-runtime/ponyfill/package.json","","file",""
"/app/node_modules/next/dist/compiled/@edge-runtime/primitives/package.json","","file",""
"/app/node_modules/next/dist/compiled/@hapi/accept/package.json","","file",""
"/app/node_modules/next/dist/compiled/@mswjs/interceptors/ClientRequest/package.json","","file",""
"/app/node_modules/next/dist/compiled/@napi-rs/triples/package.json","","file",""
"/app/node_modules/next/dist/compiled/@opentelemetry/api/package.json","","file",""
"/app/node_modules/next/dist/compiled/@vercel/detect-agent/package.json","","file",""
"/app/node_modules/next/dist/compiled/async-retry/package.json","","file",""
"/app/node_modules/next/dist/compiled/async-sema/package.json","","file",""
"/app/node_modules/next/dist/compiled/busboy/package.json","","file",""
"/app/node_modules/next/dist/compiled/bytes/package.json","","file",""
"/app/node_modules/next/dist/compiled/ci-info/package.json","","file",""
"/app/node_modules/next/dist/compiled/commander/package.json","","file",""
"/app/node_modules/next/dist/compiled/comment-json/package.json","","file",""
"/app/node_modules/next/dist/compiled/compression/package.json","","file",""
"/app/node_modules/next/dist/compiled/conf/package.json","","file",""
"/app/node_modules/next/dist/compiled/content-disposition/package.json","","file",""
"/app/node_modules/next/dist/compiled/cookie/package.json","","file",""
"/app/node_modules/next/dist/compiled/cross-spawn/package.json","","file",""
"/app/node_modules/next/dist/compiled/debug/package.json","","file",""
"/app/node_modules/next/dist/compiled/edge-runtime/package.json","","file",""
"/app/node_modules/next/dist/compiled/find-up/package.json","","file",""
"/app/node_modules/next/dist/compiled/fresh/package.json","","file",""
"/app/node_modules/next/dist/compiled/hash.js/sha256/package.json","","file",""
"/app/node_modules/next/dist/compiled/httpxy/package.json","","file",""
"/app/node_modules/next/dist/compiled/image-size/package.json","","file",""
"/app/node_modules/next/dist/compiled/ipaddr.js/package.json","","file",""
"/app/node_modules/next/dist/compiled/is-animated/package.json","","file",""
"/app/node_modules/next/dist/compiled/is-docker/package.json","","file",""
"/app/node_modules/next/dist/compiled/is-wsl/package.json","","file",""
"/app/node_modules/next/dist/compiled/jsonwebtoken/package.json","","file",""
"/app/node_modules/next/dist/compiled/nanoid/package.json","","file",""
"/app/node_modules/next/dist/compiled/p-limit/package.json","","file",""
"/app/node_modules/next/dist/compiled/p-queue/package.json","","file",""
"/app/node_modules/next/dist/compiled/path-browserify/package.json","","file",""
"/app/node_modules/next/dist/compiled/path-to-regexp/package.json","","file",""
"/app/node_modules/next/dist/compiled/picomatch/package.json","","file",""
"/app/node_modules/next/dist/compiled/react-is/package.json","","file",""
"/app/node_modules/next/dist/compiled/regenerator-runtime/package.json","","file",""
"/app/node_modules/next/dist/compiled/semver/package.json","","file",""
"/app/node_modules/next/dist/compiled/send/package.json","","file",""
"/app/node_modules/next/dist/compiled/source-map/package.json","","file",""
"/app/node_modules/next/dist/compiled/stacktrace-parser/package.json","","file",""
"/app/node_modules/next/dist/compiled/string-hash/package.json","","file",""
"/app/node_modules/next/dist/compiled/strip-ansi/package.json","","file",""
"/app/node_modules/next/dist/compiled/superstruct/package.json","","file",""
"/app/node_modules/next/dist/compiled/tar/package.json","","file",""
"/app/node_modules/next/dist/compiled/text-table/package.json","","file",""
"/app/node_modules/next/dist/compiled/watchpack/package.json","","file",""
"/app/node_modules/next/dist/compiled/write-file-atomic/package.json","","file",""
"/app/node_modules/next/dist/compiled/ws/package.json","","file",""
"/app/node_modules/next/dist/compiled/zod-validation-error/package.json","","file",""
"/app/node_modules/next/dist/compiled/zod/package.json","","file",""
"/app/node_modules/next/package.json","","file",""
"/app/node_modules/react-dom/package.json","","file",""
"/app/node_modules/react/package.json","","file",""
"/app/node_modules/semver/package.json","","file",""
"/app/node_modules/sharp/node_modules/semver/package.json","","file",""
"/app/node_modules/sharp/package.json","","file",""
"/app/node_modules/styled-jsx/package.json","","file",""
"/app/package.json","","file",""
